{
    "name": "root",
    "gauges": {
        "MoveToGoal.Policy.Entropy.mean": {
            "value": 2.0362131595611572,
            "min": 2.0362131595611572,
            "max": 2.106642961502075,
            "count": 3
        },
        "MoveToGoal.Policy.Entropy.sum": {
            "value": 101869.7109375,
            "min": 101869.7109375,
            "max": 105273.15625,
            "count": 3
        },
        "MoveToGoal.Step.mean": {
            "value": 149978.0,
            "min": 49977.0,
            "max": 149978.0,
            "count": 3
        },
        "MoveToGoal.Step.sum": {
            "value": 149978.0,
            "min": 49977.0,
            "max": 149978.0,
            "count": 3
        },
        "MoveToGoal.Policy.ExtrinsicValueEstimate.mean": {
            "value": -28.119054794311523,
            "min": -28.119054794311523,
            "max": -11.59817886352539,
            "count": 3
        },
        "MoveToGoal.Policy.ExtrinsicValueEstimate.sum": {
            "value": -22495.244140625,
            "min": -22495.244140625,
            "max": -9522.1044921875,
            "count": 3
        },
        "MoveToGoal.Environment.EpisodeLength.mean": {
            "value": 1444.0882352941176,
            "min": 654.0657894736842,
            "max": 2635.842105263158,
            "count": 3
        },
        "MoveToGoal.Environment.EpisodeLength.sum": {
            "value": 49099.0,
            "min": 49099.0,
            "max": 50081.0,
            "count": 3
        },
        "MoveToGoal.Environment.CumulativeReward.mean": {
            "value": -936.2450559191844,
            "min": -1676.7373783517826,
            "max": -490.5020789664827,
            "count": 3
        },
        "MoveToGoal.Environment.CumulativeReward.sum": {
            "value": -31832.33190125227,
            "min": -37278.158001452684,
            "max": -31832.33190125227,
            "count": 3
        },
        "MoveToGoal.Policy.ExtrinsicReward.mean": {
            "value": -936.2450559191844,
            "min": -1676.7373783517826,
            "max": -490.5020789664827,
            "count": 3
        },
        "MoveToGoal.Policy.ExtrinsicReward.sum": {
            "value": -31832.33190125227,
            "min": -37278.158001452684,
            "max": -31832.33190125227,
            "count": 3
        },
        "MoveToGoal.Losses.PolicyLoss.mean": {
            "value": 0.02312680452130735,
            "min": 0.023018768763480087,
            "max": 0.024806783664971587,
            "count": 3
        },
        "MoveToGoal.Losses.PolicyLoss.sum": {
            "value": 0.11563402260653674,
            "min": 0.09207507505392035,
            "max": 0.12403391832485794,
            "count": 3
        },
        "MoveToGoal.Losses.ValueLoss.mean": {
            "value": 783.5570692952475,
            "min": 287.8833162943522,
            "max": 783.5570692952475,
            "count": 3
        },
        "MoveToGoal.Losses.ValueLoss.sum": {
            "value": 3917.7853464762375,
            "min": 1151.5332651774088,
            "max": 3917.7853464762375,
            "count": 3
        },
        "MoveToGoal.Policy.LearningRate.mean": {
            "value": 0.00022602398465868,
            "min": 0.00022602398465868,
            "max": 0.0002845989051336999,
            "count": 3
        },
        "MoveToGoal.Policy.LearningRate.sum": {
            "value": 0.0011301199232934,
            "min": 0.0011301199232934,
            "max": 0.0012842412719195999,
            "count": 3
        },
        "MoveToGoal.Policy.Epsilon.mean": {
            "value": 0.17534132000000005,
            "min": 0.17534132000000005,
            "max": 0.19486630000000002,
            "count": 3
        },
        "MoveToGoal.Policy.Epsilon.sum": {
            "value": 0.8767066000000002,
            "min": 0.7794652000000001,
            "max": 0.9280803999999998,
            "count": 3
        },
        "MoveToGoal.Policy.Beta.mean": {
            "value": 0.003769531868,
            "min": 0.003769531868,
            "max": 0.00474382837,
            "count": 3
        },
        "MoveToGoal.Policy.Beta.sum": {
            "value": 0.01884765934,
            "min": 0.01884765934,
            "max": 0.02141121196,
            "count": 3
        },
        "MoveToGoal.IsTraining.mean": {
            "value": 1.0,
            "min": 1.0,
            "max": 1.0,
            "count": 3
        },
        "MoveToGoal.IsTraining.sum": {
            "value": 1.0,
            "min": 1.0,
            "max": 1.0,
            "count": 3
        }
    },
    "metadata": {
        "timer_format_version": "0.1.0",
        "start_time_seconds": "1711966548",
        "python_version": "3.9.13 (tags/v3.9.13:6de2ca5, May 17 2022, 16:36:42) [MSC v.1929 64 bit (AMD64)]",
        "command_line_arguments": "C:\\Users\\dimba\\Desktop\\Unity Projects\\Self-driving project\\venv\\Scripts\\mlagents-learn --run-id=Test24",
        "mlagents_version": "0.30.0",
        "mlagents_envs_version": "0.30.0",
        "communication_protocol_version": "1.5.0",
        "pytorch_version": "1.7.1+cu110",
        "numpy_version": "1.21.2",
        "end_time_seconds": "1711967734"
    },
    "total": 1185.2204784,
    "count": 1,
    "self": 0.004826300000104311,
    "children": {
        "run_training.setup": {
            "total": 0.02136680000000002,
            "count": 1,
            "self": 0.02136680000000002
        },
        "TrainerController.start_learning": {
            "total": 1185.1942853,
            "count": 1,
            "self": 2.3724076999924364,
            "children": {
                "TrainerController._reset_env": {
                    "total": 10.0723966,
                    "count": 1,
                    "self": 10.0723966
                },
                "TrainerController.advance": {
                    "total": 1172.6551173000075,
                    "count": 164351,
                    "self": 2.250288199989882,
                    "children": {
                        "env_step": {
                            "total": 1127.1599867000236,
                            "count": 164351,
                            "self": 513.4446770000362,
                            "children": {
                                "SubprocessEnvManager._take_step": {
                                    "total": 612.2028003999754,
                                    "count": 164351,
                                    "self": 6.608713699947657,
                                    "children": {
                                        "TorchPolicy.evaluate": {
                                            "total": 605.5940867000278,
                                            "count": 164351,
                                            "self": 605.5940867000278
                                        }
                                    }
                                },
                                "workers": {
                                    "total": 1.5125093000119776,
                                    "count": 164350,
                                    "self": 0.0,
                                    "children": {
                                        "worker_root": {
                                            "total": 1112.2307319000072,
                                            "count": 164350,
                                            "is_parallel": true,
                                            "self": 763.2011128000115,
                                            "children": {
                                                "steps_from_proto": {
                                                    "total": 0.0003767999999997329,
                                                    "count": 1,
                                                    "is_parallel": true,
                                                    "self": 0.00018560000000000798,