{
    "name": "root",
    "gauges": {
        "MoveToGoal.Policy.Entropy.mean": {
            "value": 1.9075970649719238,
            "min": 1.9075970649719238,
            "max": 2.1197776794433594,
            "count": 10
        },
        "MoveToGoal.Policy.Entropy.sum": {
            "value": 95446.6171875,
            "min": 95446.6171875,
            "max": 106016.4453125,
            "count": 10
        },
        "MoveToGoal.Step.mean": {
            "value": 499986.0,
            "min": 49949.0,
            "max": 499986.0,
            "count": 10
        },
        "MoveToGoal.Step.sum": {
            "value": 499986.0,
            "min": 49949.0,
            "max": 499986.0,
            "count": 10
        },
        "MoveToGoal.Policy.ExtrinsicValueEstimate.mean": {
            "value": -0.03012411668896675,
            "min": -0.12964804470539093,
            "max": 0.7801213264465332,
            "count": 10
        },
        "MoveToGoal.Policy.ExtrinsicValueEstimate.sum": {
            "value": -24.76202392578125,
            "min": -105.79280090332031,
            "max": 645.1603393554688,
            "count": 10
        },
        "MoveToGoal.Environment.EpisodeLength.mean": {
            "value": 646.7407407407408,
            "min": 458.3302752293578,
            "max": 784.123076923077,
            "count": 10
        },
        "MoveToGoal.Environment.EpisodeLength.sum": {
            "value": 52386.0,
            "min": 47569.0,
            "max": 52386.0,
            "count": 10
        },
        "MoveToGoal.Environment.CumulativeReward.mean": {
            "value": -0.37182896081358197,
            "min": -1.0318681369279767,
            "max": 0.41224975628803856,
            "count": 10
        },
        "MoveToGoal.Environment.CumulativeReward.sum": {
            "value": -29.746316865086555,
            "min": -93.90000046044588,
            "max": 30.094232209026814,
            "count": 10
        },
        "MoveToGoal.Policy.ExtrinsicReward.mean": {
            "value": -0.37182896081358197,
            "min": -1.0318681369279767,
            "max": 0.41224975628803856,
            "count": 10
        },
        "MoveToGoal.Policy.ExtrinsicReward.sum": {
            "value": -29.746316865086555,
            "min": -93.90000046044588,
            "max": 30.094232209026814,
            "count": 10
        },
        "MoveToGoal.Losses.PolicyLoss.mean": {
            "value": 0.0258188883929203,
            "min": 0.020506681703651948,
            "max": 0.02639052492644017,
            "count": 10
        },
        "MoveToGoal.Losses.PolicyLoss.sum": {
            "value": 0.1290944419646015,
            "min": 0.09847390626867612,
            "max": 0.1290944419646015,
            "count": 10
        },
        "MoveToGoal.Losses.ValueLoss.mean": {
            "value": 0.009236489937951167,
            "min": 0.007243507836634915,
            "max": 0.07690672098348537,
            "count": 10
        },
        "MoveToGoal.Losses.ValueLoss.sum": {
            "value": 0.046182449689755836,
            "min": 0.02897403134653966,
            "max": 0.3076268839339415,
            "count": 10
        },
        "MoveToGoal.Policy.LearningRate.mean": {
            "value": 1.651617449464e-05,
            "min": 1.651617449464e-05,
            "max": 0.0002845971051343,
            "count": 10
        },
        "MoveToGoal.Policy.LearningRate.sum": {
            "value": 8.25808724732e-05,
            "min": 8.25808724732e-05,
            "max": 0.0012843018718993997,
            "count": 10
        },
        "MoveToGoal.Policy.Epsilon.mean": {
            "value": 0.10550535999999999,
            "min": 0.10550535999999999,
            "max": 0.19486569999999998,
            "count": 10
        },
        "MoveToGoal.Policy.Epsilon.sum": {
            "value": 0.5275268,
            "min": 0.49998680000000006,
            "max": 0.9281006,
            "count": 10
        },
        "MoveToGoal.Policy.Beta.mean": {
            "value": 0.0002847174640000001,
            "min": 0.0002847174640000001,
            "max": 0.00474379843,
            "count": 10
        },
        "MoveToGoal.Policy.Beta.sum": {
            "value": 0.0014235873200000005,
            "min": 0.0014235873200000005,
            "max": 0.021412219939999998,
            "count": 10
        },
        "MoveToGoal.IsTraining.mean": {
            "value": 1.0,
            "min": 1.0,
            "max": 1.0,
            "count": 10
        },
        "MoveToGoal.IsTraining.sum": {
            "value": 1.0,
            "min": 1.0,
            "max": 1.0,
            "count": 10
        }
    },
    "metadata": {
        "timer_format_version": "0.1.0",
        "start_time_seconds": "1711997022",
        "python_version": "3.9.13 (tags/v3.9.13:6de2ca5, May 17 2022, 16:36:42) [MSC v.1929 64 bit (AMD64)]",
        "command_line_arguments": "C:\\Users\\dimba\\Desktop\\Unity Projects\\Self-driving project\\venv\\Scripts\\mlagents-learn --initialize-from=TestWithoutObstacles5 --run-id=TestWithoutObstacles6",
        "mlagents_version": "0.30.0",
        "mlagents_envs_version": "0.30.0",
        "communication_protocol_version": "1.5.0",
        "pytorch_version": "1.7.1+cu110",
        "numpy_version": "1.21.2",
        "end_time_seconds": "1712000348"
    },
    "total": 3326.3554046,
    "count": 1,
    "self": 0.006825099999787199,
    "children": {
        "run_training.setup": {
            "total": 0.07368989999999997,
            "count": 1,
            "self": 0.07368989999999997
        },
        "TrainerController.start_learning": {
            "total": 3326.2748896000003,
            "count": 1,
            "self": 7.827536799979953,
            "children": {
                "TrainerController._reset_env": {
                    "total": 7.8188914,
                    "count": 1,
                    "self": 7.8188914
                },
                "TrainerController.advance": {
                    "total": 3310.5657480000204,
                    "count": 500035,
                    "self": 7.459874700236014,
                    "children": {
                        "env_step": {
                            "total": 3155.9059134998247,
                            "count": 500035,
                            "self": 1262.1011694997944,
                            "children": {
                                "SubprocessEnvManager._take_step": {
                                    "total": 1888.918842099986,
                                    "count": 500035,
                                    "self": 21.773508900088927,
                                    "children": {
                                        "TorchPolicy.evaluate": {
                                            "total": 1867.145333199897,
                                            "count": 500035,
                                            "self": 1867.145333199897
                                        }
                                    }
                                },
                                "workers": {
                                    "total": 4.885901900044287,
                                    "count": 500035,
                                    "self": 0.0,
                                    "children": {
                                        "worker_root": {
                                            "total": 3310.468582099859,
                                            "count": 500035,
                                            "is_parallel": true,
                                            "self": 2374.1811174999375,
                                            "children": {
                                                "steps_from_proto": {
                                                    "total": 0.00037120000000001596,
                                                    "count": 1,