{
    "name": "root",
    "gauges": {
        "MoveToGoal.Policy.Entropy.mean": {
            "value": 2.080003499984741,
            "min": 2.080003499984741,
            "max": 2.080003499984741,
            "count": 1
        },
        "MoveToGoal.Policy.Entropy.sum": {
            "value": 104757.296875,
            "min": 104757.296875,
            "max": 104757.296875,
            "count": 1
        },
        "MoveToGoal.Step.mean": {
            "value": 49960.0,
            "min": 49960.0,
            "max": 49960.0,
            "count": 1
        },
        "MoveToGoal.Step.sum": {
            "value": 49960.0,
            "min": 49960.0,
            "max": 49960.0,
            "count": 1
        },
        "MoveToGoal.Policy.ExtrinsicValueEstimate.mean": {
            "value": -10.655184745788574,
            "min": -10.655184745788574,
            "max": -10.655184745788574,
            "count": 1
        },
        "MoveToGoal.Policy.ExtrinsicValueEstimate.sum": {
            "value": -9120.837890625,
            "min": -9120.837890625,
            "max": -9120.837890625,
            "count": 1
        },
        "MoveToGoal.Environment.EpisodeLength.mean": {
            "value": 317.5974025974026,
            "min": 317.5974025974026,
            "max": 317.5974025974026,
            "count": 1
        },
        "MoveToGoal.Environment.EpisodeLength.sum": {
            "value": 48910.0,
            "min": 48910.0,
            "max": 48910.0,
            "count": 1
        },
        "MoveToGoal.Environment.CumulativeReward.mean": {
            "value": -201.84557683727184,
            "min": -201.84557683727184,
            "max": -201.84557683727184,
            "count": 1
        },
        "MoveToGoal.Environment.CumulativeReward.sum": {
            "value": -31084.218832939863,
            "min": -31084.218832939863,
            "max": -31084.218832939863,
            "count": 1
        },
        "MoveToGoal.Policy.ExtrinsicReward.mean": {
            "value": -201.84557683727184,
            "min": -201.84557683727184,
            "max": -201.84557683727184,
            "count": 1
        },
        "MoveToGoal.Policy.ExtrinsicReward.sum": {
            "value": -31084.218832939863,
            "min": -31084.218832939863,
            "max": -31084.218832939863,
            "count": 1
        },
        "MoveToGoal.Losses.PolicyLoss.mean": {
            "value": 0.02336726839809368,
            "min": 0.02336726839809368,
            "max": 0.02336726839809368,
            "count": 1
        },
        "MoveToGoal.Losses.PolicyLoss.sum": {
            "value": 0.09346907359237472,
            "min": 0.09346907359237472,
            "max": 0.09346907359237472,
            "count": 1
        },
        "MoveToGoal.Losses.ValueLoss.mean": {
            "value": 35.63970538775126,
            "min": 35.63970538775126,
            "max": 35.63970538775126,
            "count": 1
        },
        "MoveToGoal.Losses.ValueLoss.sum": {
            "value": 142.55882155100505,
            "min": 142.55882155100505,
            "max": 142.55882155100505,
            "count": 1
        },
        "MoveToGoal.Policy.LearningRate.mean": {
            "value": 0.00028458945513685,
            "min": 0.00028458945513685,
            "max": 0.00028458945513685,
            "count": 1
        },
        "MoveToGoal.Policy.LearningRate.sum": {
            "value": 0.0011383578205474,
            "min": 0.0011383578205474,
            "max": 0.0011383578205474,
            "count": 1
        },
        "MoveToGoal.Policy.Epsilon.mean": {
            "value": 0.19486315,
            "min": 0.19486315,
            "max": 0.19486315,
            "count": 1
        },
        "MoveToGoal.Policy.Epsilon.sum": {
            "value": 0.7794526,
            "min": 0.7794526,
            "max": 0.7794526,
            "count": 1
        },
        "MoveToGoal.Policy.Beta.mean": {
            "value": 0.004743671185,
            "min": 0.004743671185,
            "max": 0.004743671185,
            "count": 1
        },
        "MoveToGoal.Policy.Beta.sum": {
            "value": 0.01897468474,
            "min": 0.01897468474,
            "max": 0.01897468474,
            "count": 1
        },
        "MoveToGoal.IsTraining.mean": {
            "value": 1.0,
            "min": 1.0,
            "max": 1.0,
            "count": 1
        },
        "MoveToGoal.IsTraining.sum": {
            "value": 1.0,
            "min": 1.0,
            "max": 1.0,
            "count": 1
        }
    },
    "metadata": {
        "timer_format_version": "0.1.0",
        "start_time_seconds": "1711903619",
        "python_version": "3.9.13 (tags/v3.9.13:6de2ca5, May 17 2022, 16:36:42) [MSC v.1929 64 bit (AMD64)]",
        "command_line_arguments": "C:\\Users\\dimba\\Desktop\\Unity Projects\\Self-driving project\\venv\\Scripts\\mlagents-learn --run-id=Test14",
        "mlagents_version": "0.30.0",
        "mlagents_envs_version": "0.30.0",
        "communication_protocol_version": "1.5.0",
        "pytorch_version": "1.7.1+cu110",
        "numpy_version": "1.21.2",
        "end_time_seconds": "1711903773"
    },
    "total": 153.452241,
    "count": 1,
    "self": 0.004806599999994887,
    "children": {
        "run_training.setup": {
            "total": 0.01924630000000005,
            "count": 1,
            "self": 0.01924630000000005
        },
        "TrainerController.start_learning": {
            "total": 153.4281881,
            "count": 1,
            "self": 0.13366530000018884,
            "children": {
                "TrainerController._reset_env": {
                    "total": 6.8463574,
                    "count": 1,
                    "self": 6.8463574
                },
                "TrainerController.advance": {
                    "total": 146.3586609999998,
                    "count": 8017,
                    "self": 0.12253529999949819,
                    "children": {
                        "env_step": {
                            "total": 130.3079672,
                            "count": 8017,
                            "self": 98.12374589999969,
                            "children": {
                                "SubprocessEnvManager._take_step": {
                                    "total": 32.106792700000085,
                                    "count": 8018,
                                    "self": 0.3690695000003146,
                                    "children": {
                                        "TorchPolicy.evaluate": {
                                            "total": 31.73772319999977,
                                            "count": 8018,
                                            "self": 31.73772319999977
                                        }
                                    }
                                },
                                "workers": {
                                    "total": 0.07742860000023377,
                                    "count": 8016,
                                    "self": 0.0,
                                    "children": {
                                        "worker_root": {
                                            "total": 91.7744701000002,
                                            "count": 8016,
                                            "is_parallel": true,
                                            "self": 56.36369130000008,
                                            "children": {
                                                "steps_from_proto": {
                                                    "total": 0.0011098000000027142,
                                                    "count": 2,
                                                    "is_parallel": true,
                                                    "self": 0.0005274000000028423,