{
    "name": "root",
    "gauges": {
        "MoveToGoal.Policy.Entropy.mean": {
            "value": 1.0380661487579346,
            "min": 0.8985066413879395,
            "max": 2.196730136871338,
            "count": 300
        },
        "MoveToGoal.Policy.Entropy.sum": {
            "value": 25972.4140625,
            "min": 22469.853515625,
            "max": 54988.55078125,
            "count": 300
        },
        "MoveToGoal.Step.mean": {
            "value": 7499998.0,
            "min": 24990.0,
            "max": 7499998.0,
            "count": 300
        },
        "MoveToGoal.Step.sum": {
            "value": 7499998.0,
            "min": 24990.0,
            "max": 7499998.0,
            "count": 300
        },
        "MoveToGoal.Policy.ExtrinsicValueEstimate.mean": {
            "value": 300.2482604980469,
            "min": -306.2236633300781,
            "max": 373.0235290527344,
            "count": 300
        },
        "MoveToGoal.Policy.ExtrinsicValueEstimate.sum": {
            "value": 752121.875,
            "min": -765559.1875,
            "max": 935916.0625,
            "count": 300
        },
        "MoveToGoal.Environment.EpisodeLength.mean": {
            "value": 1524.7222222222222,
            "min": 833.0333333333333,
            "max": 1999.0,
            "count": 300
        },
        "MoveToGoal.Environment.EpisodeLength.sum": {
            "value": 27445.0,
            "min": 19933.0,
            "max": 32075.0,
            "count": 300
        },
        "MoveToGoal.Environment.CumulativeReward.mean": {
            "value": 4791.122605815365,
            "min": -69442.86984528987,
            "max": 5364.963246865309,
            "count": 300
        },
        "MoveToGoal.Environment.CumulativeReward.sum": {
            "value": 86240.20690467657,
            "min": -833314.4381434785,
            "max": 113965.30558178162,
            "count": 300
        },
        "MoveToGoal.Policy.ExtrinsicReward.mean": {
            "value": 4791.122605815365,
            "min": -69442.86984528987,
            "max": 5364.963246865309,
            "count": 300
        },
        "MoveToGoal.Policy.ExtrinsicReward.sum": {
            "value": 86240.20690467657,
            "min": -833314.4381434785,
            "max": 113965.30558178162,
            "count": 300
        },
        "MoveToGoal.IsTraining.mean": {
            "value": 1.0,
            "min": 1.0,
            "max": 1.0,
            "count": 300
        },
        "MoveToGoal.IsTraining.sum": {
            "value": 1.0,
            "min": 1.0,
            "max": 1.0,
            "count": 300
        },
        "MoveToGoal.Losses.PolicyLoss.mean": {
            "value": 0.08936663237736234,
            "min": 0.08545747264083657,
            "max": 0.10144181131268802,
            "count": 149
        },
        "MoveToGoal.Losses.PolicyLoss.sum": {
            "value": 0.08936663237736234,
            "min": 0.08545747264083657,
            "max": 0.10144181131268802,
            "count": 149
        },
        "MoveToGoal.Losses.ValueLoss.mean": {
            "value": 1092.9401595913037,
            "min": 254.95662501486152,
            "max": 19618.287683517057,
            "count": 149
        },
        "MoveToGoal.Losses.ValueLoss.sum": {
            "value": 1092.9401595913037,
            "min": 254.95662501486152,
            "max": 19618.287683517057,
            "count": 149
        },
        "MoveToGoal.Policy.LearningRate.mean": {
            "value": 0.00020000000000000006,
            "min": 0.00020000000000000006,
            "max": 0.00020000000000000006,
            "count": 149
        },
        "MoveToGoal.Policy.LearningRate.sum": {
            "value": 0.00020000000000000006,
            "min": 0.00020000000000000006,
            "max": 0.00020000000000000006,
            "count": 149
        },
        "MoveToGoal.Policy.Epsilon.mean": {
            "value": 0.19999999999999996,
            "min": 0.19999999999999996,
            "max": 0.19999999999999996,
            "count": 149
        },
        "MoveToGoal.Policy.Epsilon.sum": {
            "value": 0.19999999999999996,
            "min": 0.19999999999999996,
            "max": 0.19999999999999996,
            "count": 149
        },
        "MoveToGoal.Policy.Beta.mean": {
            "value": 0.005,
            "min": 0.005,
            "max": 0.005,
            "count": 149
        },
        "MoveToGoal.Policy.Beta.sum": {
            "value": 0.005,
            "min": 0.005,
            "max": 0.005,
            "count": 149
        }
    },
    "metadata": {
        "timer_format_version": "0.1.0",
        "start_time_seconds": "1713211179",
        "python_version": "3.9.13 (tags/v3.9.13:6de2ca5, May 17 2022, 16:36:42) [MSC v.1929 64 bit (AMD64)]",
        "command_line_arguments": "C:\\Users\\dimba\\Desktop\\Unity Projects\\Self-driving project\\venv\\Scripts\\mlagents-learn Assets\\SelfDrivingPPO.yaml --run-id=2by32PPOLearningTestFinal2 --force",
        "mlagents_version": "0.30.0",
        "mlagents_envs_version": "0.30.0",
        "communication_protocol_version": "1.5.0",
        "pytorch_version": "1.7.1+cu110",
        "numpy_version": "1.21.2",
        "end_time_seconds": "1713224181"
    },
    "total": 13002.383281800001,
    "count": 1,
    "self": 0.006170800001200405,
    "children": {
        "run_training.setup": {
            "total": 0.07258039999999999,
            "count": 1,
            "self": 0.07258039999999999
        },
        "TrainerController.start_learning": {
            "total": 13002.3045306,
            "count": 1,
            "self": 24.596095399607293,
            "children": {
                "TrainerController._reset_env": {
                    "total": 6.8881942,
                    "count": 1,
                    "self": 6.8881942
                },
                "TrainerController.advance": {
                    "total": 12970.744397200393,
                    "count": 1250011,
                    "self": 11.505799000877232,
                    "children": {
                        "env_step": {
                            "total": 12959.238598199516,
                            "count": 1250011,
                            "self": 7341.759105399393,
                            "children": {
                                "SubprocessEnvManager._take_step": {
                                    "total": 5605.063106699935,
                                    "count": 1250011,
                                    "self": 55.10544709957958,
                                    "children": {
                                        "TorchPolicy.evaluate": {
                                            "total": 5549.957659600355,
                                            "count": 1250011,
                                            "self": 5549.957659600355
                                        }
                                    }
                                },
                                "workers": {
                                    "total": 12.416386100188326,
                                    "count": 1250011,
                                    "self": 0.0,
                                    "children": {
                                        "worker_root": {
                                            "total": 12972.381320700022,
                                            "count": 1250011,
                                            "is_parallel": true,
                                            "self": 10617.628039399877,
                                            "children": {
                                                "steps_from_proto": {
                                                    "total": 0.0006643000000003951,
                                                    "count": 1,
                                                    "is_parallel": true,