{
    "name": "root",
    "gauges": {
        "MoveToGoal.Policy.Entropy.mean": {
            "value": 0.7822285294532776,
            "min": 0.18996520340442657,
            "max": 0.7822285294532776,
            "count": 7
        },
        "MoveToGoal.Policy.Entropy.sum": {
            "value": 19552.583984375,
            "min": 4747.23046875,
            "max": 19552.583984375,
            "count": 7
        },
        "MoveToGoal.Step.mean": {
            "value": 2474999.0,
            "min": 2324994.0,
            "max": 2474999.0,
            "count": 7
        },
        "MoveToGoal.Step.sum": {
            "value": 2474999.0,
            "min": 2324994.0,
            "max": 2474999.0,
            "count": 7
        },
        "MoveToGoal.Policy.ExtrinsicValue.mean": {
            "value": -10.223600387573242,
            "min": -82.21251678466797,
            "max": -0.7428409457206726,
            "count": 7
        },
        "MoveToGoal.Policy.ExtrinsicValue.sum": {
            "value": -25569.224609375,
            "min": -205613.5,
            "max": -1857.1024169921875,
            "count": 7
        },
        "MoveToGoal.Losses.PolicyLoss.mean": {
            "value": 88.8046370584292,
            "min": 3.589784751351329,
            "max": 125.52165915654916,
            "count": 7
        },
        "MoveToGoal.Losses.PolicyLoss.sum": {
            "value": 221922.78800901456,
            "min": 8970.872093626971,
            "max": 313804.1478913729,
            "count": 7
        },
        "MoveToGoal.Losses.ValueLoss.mean": {
            "value": 0.7952215038731331,
            "min": 0.3318416879221948,
            "max": 1.2486474462917032,
            "count": 7
        },
        "MoveToGoal.Losses.ValueLoss.sum": {
            "value": 1987.2585381789595,
            "min": 829.604219805487,
            "max": 3120.369968282966,
            "count": 7
        },
        "MoveToGoal.Losses.Q1Loss.mean": {
            "value": 1.38764663853329,
            "min": 0.55676284474607,
            "max": 6.531079506537682,
            "count": 7
        },
        "MoveToGoal.Losses.Q1Loss.sum": {
            "value": 3467.7289496946914,
            "min": 1391.907111865175,
            "max": 16321.167686837667,
            "count": 7
        },
        "MoveToGoal.Losses.Q2Loss.mean": {
            "value": 1.404325859760789,
            "min": 0.5561469421914514,
            "max": 6.435033133166263,
            "count": 7
        },
        "MoveToGoal.Losses.Q2Loss.sum": {
            "value": 3509.4103235422117,
            "min": 1390.3673554786287,
            "max": 16081.147799782491,
            "count": 7
        },
        "MoveToGoal.Policy.DiscreteEntropyCoeff.mean": {
            "value": 0.25065449614012986,
            "min": 0.016205644464755493,
            "max": 0.33690434763396615,
            "count": 7
        },
        "MoveToGoal.Policy.DiscreteEntropyCoeff.sum": {
            "value": 626.3855858541845,
            "min": 36.90025244624826,
            "max": 842.2608690849154,
            "count": 7
        },
        "MoveToGoal.Policy.ContinuousEntropyCoeff.mean": {
            "value": 0.009999999776482582,
            "min": 0.009999999776482582,
            "max": 0.009999999776482582,
            "count": 7
        },
        "MoveToGoal.Policy.ContinuousEntropyCoeff.sum": {
            "value": 24.989999441429973,
            "min": 22.76999949105084,
            "max": 24.999999441206455,
            "count": 7
        },
        "MoveToGoal.Policy.LearningRate.mean": {
            "value": 0.0003,
            "min": 0.0003,
            "max": 0.00030000000000000003,
            "count": 7
        },
        "MoveToGoal.Policy.LearningRate.sum": {
            "value": 0.7496999999999999,
            "min": 0.6831,
            "max": 0.7499999999999999,
            "count": 7
        },
        "MoveToGoal.Environment.EpisodeLength.mean": {
            "value": 5393.333333333333,
            "min": 2834.0,
            "max": 7999.0,
            "count": 7
        },
        "MoveToGoal.Environment.EpisodeLength.sum": {
            "value": 16180.0,
            "min": 2834.0,
            "max": 39995.0,
            "count": 7
        },
        "MoveToGoal.Environment.CumulativeReward.mean": {
            "value": -1513.6333523392677,
            "min": -1622.11999579072,
            "max": 75.59773055144719,
            "count": 6
        },
        "MoveToGoal.Environment.CumulativeReward.sum": {
            "value": -4540.900057017803,
            "min": -8110.5999789536,
            "max": 529.1841138601303,
            "count": 6
        },
        "MoveToGoal.Policy.ExtrinsicReward.mean": {
            "value": -1513.6333523392677,
            "min": -1622.11999579072,
            "max": 75.59773055144719,
            "count": 6
        },
        "MoveToGoal.Policy.ExtrinsicReward.sum": {
            "value": -4540.900057017803,
            "min": -8110.5999789536,
            "max": 529.1841138601303,
            "count": 6
        },
        "MoveToGoal.IsTraining.mean": {
            "value": 1.0,
            "min": 1.0,
            "max": 1.0,
            "count": 7
        },
        "MoveToGoal.IsTraining.sum": {
            "value": 1.0,
            "min": 1.0,
            "max": 1.0,
            "count": 7
        }
    },
    "metadata": {
        "timer_format_version": "0.1.0",
        "start_time_seconds": "1712178211",
        "python_version": "3.9.13 (tags/v3.9.13:6de2ca5, May 17 2022, 16:36:42) [MSC v.1929 64 bit (AMD64)]",
        "command_line_arguments": "C:\\Users\\dimba\\Desktop\\Unity Projects\\Self-driving project\\venv\\Scripts\\mlagents-learn Assets\\SelfDriving.yaml --run-id=3LayerTestWithoutObstaclesWithGoalDetection --resume",
        "mlagents_version": "0.30.0",
        "mlagents_envs_version": "0.30.0",
        "communication_protocol_version": "1.5.0",
        "pytorch_version": "1.7.1+cu110",
        "numpy_version": "1.21.2",
        "end_time_seconds": "1712178928"
    },
    "total": 717.1341016,
    "count": 1,
    "self": 0.004478800000015326,
    "children": {
        "run_training.setup": {
            "total": 0.07899980000000006,
            "count": 1,
            "self": 0.07899980000000006
        },
        "TrainerController.start_learning": {
            "total": 717.050623,
            "count": 1,
            "self": 0.6527199000053088,
            "children": {
                "TrainerController._reset_env": {
                    "total": 5.695062200000001,
                    "count": 1,
                    "self": 5.695062200000001
                },
                "TrainerController.advance": {
                    "total": 710.5803104999945,
                    "count": 32667,
                    "self": 0.31827429998986645,
                    "children": {
                        "env_step": {
                            "total": 710.2620362000047,
                            "count": 32667,
                            "self": 560.6487519000023,
                            "children": {
                                "SubprocessEnvManager._take_step": {
                                    "total": 149.2776823000027,
                                    "count": 32667,
                                    "self": 1.468520100003019,
                                    "children": {
                                        "TorchPolicy.evaluate": {
                                            "total": 147.8091621999997,
                                            "count": 32667,
                                            "self": 147.8091621999997
                                        }
                                    }
                                },
                                "workers": {
                                    "total": 0.33560199999968443,
                                    "count": 32666,