{
    "name": "root",
    "gauges": {
        "MoveToGoal.Policy.Entropy.mean": {
            "value": 1.4161051511764526,
            "min": 1.3490796089172363,
            "max": 1.8491843938827515,
            "count": 6
        },
        "MoveToGoal.Policy.Entropy.sum": {
            "value": 70778.3515625,
            "min": 67471.515625,
            "max": 92601.609375,
            "count": 6
        },
        "MoveToGoal.Step.mean": {
            "value": 299945.0,
            "min": 49958.0,
            "max": 299945.0,
            "count": 6
        },
        "MoveToGoal.Step.sum": {
            "value": 299945.0,
            "min": 49958.0,
            "max": 299945.0,
            "count": 6
        },
        "MoveToGoal.Policy.ExtrinsicValueEstimate.mean": {
            "value": -52.998111724853516,
            "min": -52.998111724853516,
            "max": -16.24795150756836,
            "count": 6
        },
        "MoveToGoal.Policy.ExtrinsicValueEstimate.sum": {
            "value": -43405.453125,
            "min": -43405.453125,
            "max": -13729.51953125,
            "count": 6
        },
        "MoveToGoal.Environment.EpisodeLength.mean": {
            "value": 664.56,
            "min": 315.6645569620253,
            "max": 739.1911764705883,
            "count": 6
        },
        "MoveToGoal.Environment.EpisodeLength.sum": {
            "value": 49842.0,
            "min": 49278.0,
            "max": 50265.0,
            "count": 6
        },
        "MoveToGoal.Environment.CumulativeReward.mean": {
            "value": -448.5131428185105,
            "min": -448.5131428185105,
            "max": -230.3816007908575,
            "count": 6
        },
        "MoveToGoal.Environment.CumulativeReward.sum": {
            "value": -33638.48571138829,
            "min": -37029.36383019388,
            "max": -28103.411311633885,
            "count": 6
        },
        "MoveToGoal.Policy.ExtrinsicReward.mean": {
            "value": -448.5131428185105,
            "min": -448.5131428185105,
            "max": -230.3816007908575,
            "count": 6
        },
        "MoveToGoal.Policy.ExtrinsicReward.sum": {
            "value": -33638.48571138829,
            "min": -37029.36383019388,
            "max": -28103.411311633885,
            "count": 6
        },
        "MoveToGoal.Losses.PolicyLoss.mean": {
            "value": 0.023698190823197362,
            "min": 0.021696726935915647,
            "max": 0.025109243439510466,
            "count": 6
        },
        "MoveToGoal.Losses.PolicyLoss.sum": {
            "value": 0.11849095411598681,
            "min": 0.10043697375804186,
            "max": 0.12529610471489527,
            "count": 6
        },
        "MoveToGoal.Losses.ValueLoss.mean": {
            "value": 256.71239364624023,
            "min": 140.81505599975586,
            "max": 330.3803877512614,
            "count": 6
        },
        "MoveToGoal.Losses.ValueLoss.sum": {
            "value": 1283.5619682312013,
            "min": 704.0752799987793,
            "max": 1321.5215510050457,
            "count": 6
        },
        "MoveToGoal.Policy.LearningRate.mean": {
            "value": 0.00013360049546652,
            "min": 0.00013360049546652,
            "max": 0.00028458315513894995,
            "count": 6
        },
        "MoveToGoal.Policy.LearningRate.sum": {
            "value": 0.0006680024773326,
            "min": 0.0006680024773326,
            "max": 0.0012842406719198,
            "count": 6
        },
        "MoveToGoal.Policy.Epsilon.mean": {
            "value": 0.14453348000000002,
            "min": 0.14453348000000002,
            "max": 0.19486105000000004,
            "count": 6
        },
        "MoveToGoal.Policy.Epsilon.sum": {
            "value": 0.7226674000000001,
            "min": 0.7226674000000001,
            "max": 0.9280802000000002,
            "count": 6
        },
        "MoveToGoal.Policy.Beta.mean": {
            "value": 0.002232220652,
            "min": 0.002232220652,
            "max": 0.004743566395,
            "count": 6
        },
        "MoveToGoal.Policy.Beta.sum": {
            "value": 0.011161103260000001,
            "min": 0.011161103260000001,
            "max": 0.02141120198,
            "count": 6
        },
        "MoveToGoal.IsTraining.mean": {
            "value": 1.0,
            "min": 1.0,
            "max": 1.0,
            "count": 6
        },
        "MoveToGoal.IsTraining.sum": {
            "value": 1.0,
            "min": 1.0,
            "max": 1.0,
            "count": 6
        }
    },
    "metadata": {
        "timer_format_version": "0.1.0",
        "start_time_seconds": "1711963730",
        "python_version": "3.9.13 (tags/v3.9.13:6de2ca5, May 17 2022, 16:36:42) [MSC v.1929 64 bit (AMD64)]",
        "command_line_arguments": "C:\\Users\\dimba\\Desktop\\Unity Projects\\Self-driving project\\venv\\Scripts\\mlagents-learn --run-id=Test23",
        "mlagents_version": "0.30.0",
        "mlagents_envs_version": "0.30.0",
        "communication_protocol_version": "1.5.0",
        "pytorch_version": "1.7.1+cu110",
        "numpy_version": "1.21.2",
        "end_time_seconds": "1711966234"
    },
    "total": 2503.6916108,
    "count": 1,
    "self": 0.004704599999968195,
    "children": {
        "run_training.setup": {
            "total": 0.019002999999999992,
            "count": 1,
            "self": 0.019002999999999992
        },
        "TrainerController.start_learning": {
            "total": 2503.6679032,
            "count": 1,
            "self": 4.9028283999837186,
            "children": {
                "TrainerController._reset_env": {
                    "total": 7.0805994000000005,
                    "count": 1,
                    "self": 7.0805994000000005
                },
                "TrainerController.advance": {
                    "total": 2491.578045400016,
                    "count": 339434,
                    "self": 4.628905699968072,
                    "children": {
                        "env_step": {
                            "total": 2397.334975099996,
                            "count": 339434,
                            "self": 1158.0885916999493,
                            "children": {
                                "SubprocessEnvManager._take_step": {
                                    "total": 1236.1542450000702,
                                    "count": 339435,
                                    "self": 13.77462590003256,
                                    "children": {
                                        "TorchPolicy.evaluate": {
                                            "total": 1222.3796191000376,
                                            "count": 339435,
                                            "self": 1222.3796191000376
                                        }
                                    }
                                },
                                "workers": {
                                    "total": 3.092138399976445,
                                    "count": 339433,
                                    "self": 0.0,
                                    "children": {
                                        "worker_root": {
                                            "total": 2374.7381040000055,
                                            "count": 339433,
                                            "is_parallel": true,
                                            "self": 1543.5807473000218,
                                            "children": {
                                                "steps_from_proto": {
                                                    "total": 0.0007068999999981784,
                                                    "count": 2,
                                                    "is_parallel": true,