{
    "name": "root",
    "gauges": {
        "MoveToGoal.Policy.Entropy.mean": {
            "value": 1.4098973274230957,
            "min": 1.1536633968353271,
            "max": 2.099025249481201,
            "count": 362
        },
        "MoveToGoal.Policy.Entropy.sum": {
            "value": 35267.171875,
            "min": 14808.5,
            "max": 52492.421875,
            "count": 362
        },
        "MoveToGoal.Step.mean": {
            "value": 9999998.0,
            "min": 974996.0,
            "max": 9999998.0,
            "count": 362
        },
        "MoveToGoal.Step.sum": {
            "value": 9999998.0,
            "min": 974996.0,
            "max": 9999998.0,
            "count": 362
        },
        "MoveToGoal.Policy.ExtrinsicValueEstimate.mean": {
            "value": 361.7823181152344,
            "min": 105.03265380859375,
            "max": 427.0076904296875,
            "count": 362
        },
        "MoveToGoal.Policy.ExtrinsicValueEstimate.sum": {
            "value": 905179.375,
            "min": 100784.5,
            "max": 1068373.25,
            "count": 362
        },
        "MoveToGoal.IsTraining.mean": {
            "value": 1.0,
            "min": 1.0,
            "max": 1.0,
            "count": 362
        },
        "MoveToGoal.IsTraining.sum": {
            "value": 1.0,
            "min": 1.0,
            "max": 1.0,
            "count": 362
        },
        "MoveToGoal.Environment.EpisodeLength.mean": {
            "value": 3855.714285714286,
            "min": 1388.764705882353,
            "max": 4999.0,
            "count": 361
        },
        "MoveToGoal.Environment.EpisodeLength.sum": {
            "value": 26990.0,
            "min": 9747.0,
            "max": 37453.0,
            "count": 361
        },
        "MoveToGoal.Environment.CumulativeReward.mean": {
            "value": 13726.349781853813,
            "min": -48148.049565672874,
            "max": 21324.505594412487,
            "count": 361
        },
        "MoveToGoal.Environment.CumulativeReward.sum": {
            "value": 96084.44847297668,
            "min": -225429.75076389313,
            "max": 152438.3281121254,
            "count": 361
        },
        "MoveToGoal.Policy.ExtrinsicReward.mean": {
            "value": 13726.349781853813,
            "min": -48148.049565672874,
            "max": 21324.505594412487,
            "count": 361
        },
        "MoveToGoal.Policy.ExtrinsicReward.sum": {
            "value": 96084.44847297668,
            "min": -225429.75076389313,
            "max": 152438.3281121254,
            "count": 361
        },
        "MoveToGoal.Losses.PolicyLoss.mean": {
            "value": 0.09272633433849577,
            "min": 0.07977215446620413,
            "max": 0.10232334512648003,
            "count": 180
        },
        "MoveToGoal.Losses.PolicyLoss.sum": {
            "value": 0.09272633433849577,
            "min": 0.07977215446620413,
            "max": 0.10232334512648003,
            "count": 180
        },
        "MoveToGoal.Losses.ValueLoss.mean": {
            "value": 444.45609434862905,
            "min": 71.01455676102812,
            "max": 4711.050371496483,
            "count": 180
        },
        "MoveToGoal.Losses.ValueLoss.sum": {
            "value": 444.45609434862905,
            "min": 71.01455676102812,
            "max": 4711.050371496483,
            "count": 180
        },
        "MoveToGoal.Policy.LearningRate.mean": {
            "value": 0.0002999999999999999,
            "min": 0.0002999999999999999,
            "max": 0.0002999999999999999,
            "count": 180
        },
        "MoveToGoal.Policy.LearningRate.sum": {
            "value": 0.0002999999999999999,
            "min": 0.0002999999999999999,
            "max": 0.0002999999999999999,
            "count": 180
        },
        "MoveToGoal.Policy.Epsilon.mean": {
            "value": 0.19999999999999996,
            "min": 0.19999999999999996,
            "max": 0.19999999999999996,
            "count": 180
        },
        "MoveToGoal.Policy.Epsilon.sum": {
            "value": 0.19999999999999996,
            "min": 0.19999999999999996,
            "max": 0.19999999999999996,
            "count": 180
        },
        "MoveToGoal.Policy.Beta.mean": {
            "value": 0.005,
            "min": 0.005,
            "max": 0.005,
            "count": 180
        },
        "MoveToGoal.Policy.Beta.sum": {
            "value": 0.005,
            "min": 0.005,
            "max": 0.005,
            "count": 180
        }
    },
    "metadata": {
        "timer_format_version": "0.1.0",
        "start_time_seconds": "1713001601",
        "python_version": "3.9.13 (tags/v3.9.13:6de2ca5, May 17 2022, 16:36:42) [MSC v.1929 64 bit (AMD64)]",
        "command_line_arguments": "C:\\Users\\dimba\\Desktop\\Unity Projects\\Self-driving project\\venv\\Scripts\\mlagents-learn Assets/SelfDrivingPPO.yaml --run-id=2by32PPOTestGoalRayHit --resume",
        "mlagents_version": "0.30.0",
        "mlagents_envs_version": "0.30.0",
        "communication_protocol_version": "1.5.0",
        "pytorch_version": "1.7.1+cu110",
        "numpy_version": "1.21.2",
        "end_time_seconds": "1713018993"
    },
    "total": 17391.213684,
    "count": 1,
    "self": 0.015200799996819114,
    "children": {
        "run_training.setup": {
            "total": 0.08065729999999993,
            "count": 1,
            "self": 0.08065729999999993
        },
        "TrainerController.start_learning": {
            "total": 17391.1178259,
            "count": 1,
            "self": 33.60562199985725,
            "children": {
                "TrainerController._reset_env": {
                    "total": 5.7190064000000005,
                    "count": 1,
                    "self": 5.7190064000000005
                },
                "TrainerController.advance": {
                    "total": 17351.717252300146,
                    "count": 1505399,
                    "self": 15.930697299856547,
                    "children": {
                        "env_step": {
                            "total": 17335.78655500029,
                            "count": 1505399,
                            "self": 10020.635876001114,
                            "children": {
                                "SubprocessEnvManager._take_step": {
                                    "total": 7298.596019899975,
                                    "count": 1505399,
                                    "self": 81.00145610021536,
                                    "children": {
                                        "TorchPolicy.evaluate": {
                                            "total": 7217.594563799759,
                                            "count": 1505399,
                                            "self": 7217.594563799759
                                        }
                                    }
                                },
                                "workers": {
                                    "total": 16.55465909920195,
                                    "count": 1505399,
                                    "self": 0.0,
                                    "children": {
                                        "worker_root": {
                                            "total": 17353.999754800225,
                                            "count": 1505399,
                                            "is_parallel": true,
                                            "self": 14198.792276999775,
                                            "children": {
                                                "steps_from_proto": {
                                                    "total": 0.00046319999999955286,
                                                    "count": 1,
                                                    "is_parallel": true,