{
    "name": "root",
    "gauges": {
        "MoveToGoal.Policy.Entropy.mean": {
            "value": 1.1885697841644287,
            "min": 1.0506073236465454,
            "max": 2.1969504356384277,
            "count": 400
        },
        "MoveToGoal.Policy.Entropy.sum": {
            "value": 29716.623046875,
            "min": 26242.068359375,
            "max": 55046.79296875,
            "count": 400
        },
        "MoveToGoal.Step.mean": {
            "value": 9999998.0,
            "min": 24990.0,
            "max": 9999998.0,
            "count": 400
        },
        "MoveToGoal.Step.sum": {
            "value": 9999998.0,
            "min": 24990.0,
            "max": 9999998.0,
            "count": 400
        },
        "MoveToGoal.Policy.ExtrinsicValueEstimate.mean": {
            "value": 138.4144744873047,
            "min": -182.70433044433594,
            "max": 156.67266845703125,
            "count": 400
        },
        "MoveToGoal.Policy.ExtrinsicValueEstimate.sum": {
            "value": 346036.1875,
            "min": -456760.8125,
            "max": 391681.6875,
            "count": 400
        },
        "MoveToGoal.IsTraining.mean": {
            "value": 1.0,
            "min": 1.0,
            "max": 1.0,
            "count": 400
        },
        "MoveToGoal.IsTraining.sum": {
            "value": 1.0,
            "min": 1.0,
            "max": 1.0,
            "count": 400
        },
        "MoveToGoal.Losses.PolicyLoss.mean": {
            "value": 0.07472476530804231,
            "min": 0.0510015747720766,
            "max": 0.10260834582420277,
            "count": 199
        },
        "MoveToGoal.Losses.PolicyLoss.sum": {
            "value": 0.07472476530804231,
            "min": 0.0510015747720766,
            "max": 0.10260834582420277,
            "count": 199
        },
        "MoveToGoal.Losses.ValueLoss.mean": {
            "value": 249.4847690954302,
            "min": 34.527508655064544,
            "max": 14144.883985062721,
            "count": 199
        },
        "MoveToGoal.Losses.ValueLoss.sum": {
            "value": 249.4847690954302,
            "min": 34.527508655064544,
            "max": 14144.883985062721,
            "count": 199
        },
        "MoveToGoal.Policy.LearningRate.mean": {
            "value": 0.0002999999999999999,
            "min": 0.0002999999999999999,
            "max": 0.0002999999999999999,
            "count": 199
        },
        "MoveToGoal.Policy.LearningRate.sum": {
            "value": 0.0002999999999999999,
            "min": 0.0002999999999999999,
            "max": 0.0002999999999999999,
            "count": 199
        },
        "MoveToGoal.Policy.Epsilon.mean": {
            "value": 0.19999999999999996,
            "min": 0.19999999999999996,
            "max": 0.19999999999999996,
            "count": 199
        },
        "MoveToGoal.Policy.Epsilon.sum": {
            "value": 0.19999999999999996,
            "min": 0.19999999999999996,
            "max": 0.19999999999999996,
            "count": 199
        },
        "MoveToGoal.Policy.Beta.mean": {
            "value": 0.005,
            "min": 0.005,
            "max": 0.005,
            "count": 199
        },
        "MoveToGoal.Policy.Beta.sum": {
            "value": 0.005,
            "min": 0.005,
            "max": 0.005,
            "count": 199
        },
        "MoveToGoal.Environment.EpisodeLength.mean": {
            "value": 1999.0,
            "min": 1720.857142857143,
            "max": 1999.0,
            "count": 398
        },
        "MoveToGoal.Environment.EpisodeLength.sum": {
            "value": 23988.0,
            "min": 21887.0,
            "max": 33983.0,
            "count": 398
        },
        "MoveToGoal.Environment.CumulativeReward.mean": {
            "value": 2941.0832630197206,
            "min": -144181.7175614635,
            "max": 3306.0037858486176,
            "count": 398
        },
        "MoveToGoal.Environment.CumulativeReward.sum": {
            "value": 35292.99915623665,
            "min": -1730180.6107375622,
            "max": 42978.04921603203,
            "count": 398
        },
        "MoveToGoal.Policy.ExtrinsicReward.mean": {
            "value": 2941.0832630197206,
            "min": -144181.7175614635,
            "max": 3306.0037858486176,
            "count": 398
        },
        "MoveToGoal.Policy.ExtrinsicReward.sum": {
            "value": 35292.99915623665,
            "min": -1730180.6107375622,
            "max": 42978.04921603203,
            "count": 398
        }
    },
    "metadata": {
        "timer_format_version": "0.1.0",
        "start_time_seconds": "1712819597",
        "python_version": "3.9.13 (tags/v3.9.13:6de2ca5, May 17 2022, 16:36:42) [MSC v.1929 64 bit (AMD64)]",
        "command_line_arguments": "C:\\Users\\dimba\\Desktop\\Unity Projects\\Self-driving project\\venv\\Scripts\\mlagents-learn Assets\\SelfDriving.yaml --run-id=2by32RigidbodyTest --force",
        "mlagents_version": "0.30.0",
        "mlagents_envs_version": "0.30.0",
        "communication_protocol_version": "1.5.0",
        "pytorch_version": "1.7.1+cu110",
        "numpy_version": "1.21.2",
        "end_time_seconds": "1712838047"
    },
    "total": 18449.9060977,
    "count": 1,
    "self": 0.011994100001174957,
    "children": {
        "run_training.setup": {
            "total": 0.0742626999999999,
            "count": 1,
            "self": 0.0742626999999999
        },
        "TrainerController.start_learning": {
            "total": 18449.8198409,
            "count": 1,
            "self": 36.28353649918063,
            "children": {
                "TrainerController._reset_env": {
                    "total": 7.0100747000000005,
                    "count": 1,
                    "self": 7.0100747000000005
                },
                "TrainerController.advance": {
                    "total": 18406.45111410082,
                    "count": 1666685,
                    "self": 16.89295480255896,
                    "children": {
                        "env_step": {
                            "total": 18389.55815929826,
                            "count": 1666685,
                            "self": 10745.979795100156,
                            "children": {
                                "SubprocessEnvManager._take_step": {
                                    "total": 7625.587514498963,
                                    "count": 1666686,
                                    "self": 82.00707459727528,
                                    "children": {
                                        "TorchPolicy.evaluate": {
                                            "total": 7543.580439901688,
                                            "count": 1666686,
                                            "self": 7543.580439901688
                                        }
                                    }
                                },
                                "workers": {
                                    "total": 17.99084969913926,
                                    "count": 1666685,
                                    "self": 0.0,
                                    "children": {
                                        "worker_root": {
                                            "total": 18395.707708901384,
                                            "count": 1666685,
                                            "is_parallel": true,
                                            "self": 14743.802637701294,
                                            "children": {
                                                "steps_from_proto": {
                                                    "total": 0.001097600000000476,
                                                    "count": 2,
                                                    "is_parallel": true,