{
    "name": "root",
    "gauges": {
        "MoveToGoal.Policy.Entropy.mean": {
            "value": 2.069739818572998,
            "min": 2.069739818572998,
            "max": 2.089773178100586,
            "count": 2
        },
        "MoveToGoal.Policy.Entropy.sum": {
            "value": 103538.734375,
            "min": 103538.734375,
            "max": 104555.53125,
            "count": 2
        },
        "MoveToGoal.Step.mean": {
            "value": 99993.0,
            "min": 49968.0,
            "max": 99993.0,
            "count": 2
        },
        "MoveToGoal.Step.sum": {
            "value": 99993.0,
            "min": 49968.0,
            "max": 99993.0,
            "count": 2
        },
        "MoveToGoal.Policy.ExtrinsicValueEstimate.mean": {
            "value": -65.62152099609375,
            "min": -65.62152099609375,
            "max": -19.53285026550293,
            "count": 2
        },
        "MoveToGoal.Policy.ExtrinsicValueEstimate.sum": {
            "value": -52956.5703125,
            "min": -52956.5703125,
            "max": -15665.345703125,
            "count": 2
        },
        "MoveToGoal.Environment.EpisodeLength.mean": {
            "value": 928.9444444444445,
            "min": 928.9444444444445,
            "max": 1123.8372093023256,
            "count": 2
        },
        "MoveToGoal.Environment.EpisodeLength.sum": {
            "value": 50163.0,
            "min": 48325.0,
            "max": 50163.0,
            "count": 2
        },
        "MoveToGoal.Environment.CumulativeReward.mean": {
            "value": -1188.3722394252266,
            "min": -1188.3722394252266,
            "max": -1163.889093894598,
            "count": 2
        },
        "MoveToGoal.Environment.CumulativeReward.sum": {
            "value": -64172.10092896223,
            "min": -64172.10092896223,
            "max": -50047.23103746772,
            "count": 2
        },
        "MoveToGoal.Policy.ExtrinsicReward.mean": {
            "value": -1188.3722394252266,
            "min": -1188.3722394252266,
            "max": -1163.889093894598,
            "count": 2
        },
        "MoveToGoal.Policy.ExtrinsicReward.sum": {
            "value": -64172.10092896223,
            "min": -64172.10092896223,
            "max": -50047.23103746772,
            "count": 2
        },
        "MoveToGoal.Losses.PolicyLoss.mean": {
            "value": 0.023413209961727265,
            "min": 0.023413209961727265,
            "max": 0.023516749097810437,
            "count": 2
        },
        "MoveToGoal.Losses.PolicyLoss.sum": {
            "value": 0.11706604980863632,
            "min": 0.09406699639124175,
            "max": 0.11706604980863632,
            "count": 2
        },
        "MoveToGoal.Losses.ValueLoss.mean": {
            "value": 4260.930373535156,
            "min": 3470.2742294311524,
            "max": 4260.930373535156,
            "count": 2
        },
        "MoveToGoal.Losses.ValueLoss.sum": {
            "value": 21304.65186767578,
            "min": 13881.09691772461,
            "max": 21304.65186767578,
            "count": 2
        },
        "MoveToGoal.Policy.LearningRate.mean": {
            "value": 0.00025688629437123996,
            "min": 0.00025688629437123996,
            "max": 0.0002846073051308999,
            "count": 2
        },
        "MoveToGoal.Policy.LearningRate.sum": {
            "value": 0.0012844314718561999,
            "min": 0.0011384292205235996,
            "max": 0.0012844314718561999,
            "count": 2
        },
        "MoveToGoal.Policy.Epsilon.mean": {
            "value": 0.18562876,
            "min": 0.18562876,
            "max": 0.19486910000000002,
            "count": 2
        },
        "MoveToGoal.Policy.Epsilon.sum": {
            "value": 0.9281438000000001,
            "min": 0.7794764000000001,
            "max": 0.9281438000000001,
            "count": 2
        },
        "MoveToGoal.Policy.Beta.mean": {
            "value": 0.004282875124,
            "min": 0.004282875124,
            "max": 0.00474396809,
            "count": 2
        },
        "MoveToGoal.Policy.Beta.sum": {
            "value": 0.02141437562,
            "min": 0.01897587236,
            "max": 0.02141437562,
            "count": 2
        },
        "MoveToGoal.IsTraining.mean": {
            "value": 1.0,
            "min": 1.0,
            "max": 1.0,
            "count": 2
        },
        "MoveToGoal.IsTraining.sum": {
            "value": 1.0,
            "min": 1.0,
            "max": 1.0,
            "count": 2
        }
    },
    "metadata": {
        "timer_format_version": "0.1.0",
        "start_time_seconds": "1711961788",
        "python_version": "3.9.13 (tags/v3.9.13:6de2ca5, May 17 2022, 16:36:42) [MSC v.1929 64 bit (AMD64)]",
        "command_line_arguments": "C:\\Users\\dimba\\Desktop\\Unity Projects\\Self-driving project\\venv\\Scripts\\mlagents-learn --run-id=Test22",
        "mlagents_version": "0.30.0",
        "mlagents_envs_version": "0.30.0",
        "communication_protocol_version": "1.5.0",
        "pytorch_version": "1.7.1+cu110",
        "numpy_version": "1.21.2",
        "end_time_seconds": "1711962970"
    },
    "total": 1181.5225831,
    "count": 1,
    "self": 0.005143099999941114,
    "children": {
        "run_training.setup": {
            "total": 0.02062990000000009,
            "count": 1,
            "self": 0.02062990000000009
        },
        "TrainerController.start_learning": {
            "total": 1181.4968101000002,
            "count": 1,
            "self": 2.2238974000006237,
            "children": {
                "TrainerController._reset_env": {
                    "total": 6.1628047,
                    "count": 1,
                    "self": 6.1628047
                },
                "TrainerController.advance": {
                    "total": 1173.0259809999995,
                    "count": 144234,
                    "self": 2.122223599975996,
                    "children": {
                        "env_step": {
                            "total": 1133.885965100009,
                            "count": 144234,
                            "self": 596.5897171000469,
                            "children": {
                                "SubprocessEnvManager._take_step": {
                                    "total": 535.945116699981,
                                    "count": 144234,
                                    "self": 6.314365399959229,
                                    "children": {
                                        "TorchPolicy.evaluate": {
                                            "total": 529.6307513000218,
                                            "count": 144234,
                                            "self": 529.6307513000218
                                        }
                                    }
                                },
                                "workers": {
                                    "total": 1.3511312999810405,
                                    "count": 144233,
                                    "self": 0.0,
                                    "children": {
                                        "worker_root": {
                                            "total": 1052.719587700001,
                                            "count": 144233,
                                            "is_parallel": true,
                                            "self": 670.1849440999865,
                                            "children": {
                                                "steps_from_proto": {
                                                    "total": 0.0003614000000000672,
                                                    "count": 1,
                                                    "is_parallel": true,
                                                    "self": 0.0001836000000006166,