{
    "name": "root",
    "metadata": {
        "timer_format_version": "0.1.0",
        "start_time_seconds": "1712779409",
        "python_version": "3.9.13 (tags/v3.9.13:6de2ca5, May 17 2022, 16:36:42) [MSC v.1929 64 bit (AMD64)]",
        "command_line_arguments": "C:\\Users\\dimba\\Desktop\\Unity Projects\\Self-driving project\\venv\\Scripts\\mlagents-learn Assets\\SelfDriving.yaml --run-id=PPO2by32Test --force",
        "mlagents_version": "0.30.0",
        "mlagents_envs_version": "0.30.0",
        "communication_protocol_version": "1.5.0",
        "pytorch_version": "1.7.1+cu110",
        "numpy_version": "1.21.2",
        "end_time_seconds": "1712779488"
    },
    "total": 78.6939517,
    "count": 1,
    "self": 0.004555699999997387,
    "children": {
        "run_training.setup": {
            "total": 0.07431350000000003,
            "count": 1,
            "self": 0.07431350000000003
        },
        "TrainerController.start_learning": {
            "total": 78.6150825,
            "count": 1,
            "self": 0.028954500000011762,
            "children": {
                "TrainerController._reset_env": {
                    "total": 5.7807308,
                    "count": 1,
                    "self": 5.7807308
                },
                "TrainerController.advance": {
                    "total": 72.70715419999999,
                    "count": 1451,
                    "self": 0.014448099999967212,
                    "children": {
                        "env_step": {
                            "total": 72.69270610000002,
                            "count": 1451,
                            "self": 66.80619310000009,
                            "children": {
                                "SubprocessEnvManager._take_step": {
                                    "total": 5.873110299999951,
                                    "count": 1451,
                                    "self": 0.06549119999998076,
                                    "children": {
                                        "TorchPolicy.evaluate": {
                                            "total": 5.80761909999997,
                                            "count": 1451,
                                            "self": 5.80761909999997
                                        }
                                    }
                                },
                                "workers": {
                                    "total": 0.013402699999993217,
                                    "count": 1450,
                                    "self": 0.0,
                                    "children": {
                                        "worker_root": {
                                            "total": 12.708934199999995,
                                            "count": 1450,
                                            "is_parallel": true,
                                            "self": 8.33711309999996,
                                            "children": {
                                                "steps_from_proto": {
                                                    "total": 0.000497600000000098,
                                                    "count": 1,
                                                    "is_parallel": true,
                                                    "self": 0.00018920000000033355,
                                                    "children": {
                                                        "_process_rank_one_or_two_observation": {
                                                            "total": 0.0003083999999997644,
                                                            "count": 4,
                                                            "is_parallel": true,
                                                            "self": 0.0003083999999997644
                                                        }
                                                    }
                                                },
                                                "UnityEnvironment.step": {
                                                    "total": 4.371323500000035,
                                                    "count": 1450,
                                                    "is_parallel": true,
                                                    "self": 0.1365995999999985,
                                                    "children": {
                                                        "UnityEnvironment._generate_step_input": {
                                                            "total": 0.15255759999998109,
                                                            "count": 1450,
                                                            "is_parallel": true,
                                                            "self": 0.15255759999998109
                                                        },
                                                        "communicator.exchange": {
                                                            "total": 3.6340143000000023,
                                                            "count": 1450,
                                                            "is_parallel": true,
                                                            "self": 3.6340143000000023
                                                        },
                                                        "steps_from_proto": {
                                                            "total": 0.44815200000005273,
                                                            "count": 1450,
                                                            "is_parallel": true,
                                                            "self": 0.20452320000019242,
                                                            "children": {
                                                                "_process_rank_one_or_two_observation": {
                                                                    "total": 0.2436287999998603,
                                                                    "count": 5800,
                                                                    "is_parallel": true,
                                                                    "self": 0.2436287999998603
                                                                }
                                                            }
                                                        }
                                                    }
                                                }
                                            }
                                        }
                                    }
                                }
                            }
                        }
                    }
                },
                "TrainerController._save_models": {
                    "total": 0.09824299999999653,
                    "count": 1,
                    "self": 0.009444799999997144,
                    "children": {
                        "RLTrainer._checkpoint": {
                            "total": 0.08879819999999938,
                            "count": 1,
                            "self": 0.08879819999999938
                        }
                    }
                }
            }
        }
    }
}