{
    "name": "root",
    "gauges": {
        "MoveToGoal.Policy.Entropy.mean": {
            "value": 2.182343006134033,
            "min": 2.182343006134033,
            "max": 2.182343006134033,
            "count": 1
        },
        "MoveToGoal.Policy.Entropy.sum": {
            "value": 109186.984375,
            "min": 109186.984375,
            "max": 109186.984375,
            "count": 1
        },
        "MoveToGoal.Step.mean": {
            "value": 49968.0,
            "min": 49968.0,
            "max": 49968.0,
            "count": 1
        },
        "MoveToGoal.Step.sum": {
            "value": 49968.0,
            "min": 49968.0,
            "max": 49968.0,
            "count": 1
        },
        "MoveToGoal.Policy.ExtrinsicValueEstimate.mean": {
            "value": -0.3881399631500244,
            "min": -0.3881399631500244,
            "max": -0.3881399631500244,
            "count": 1
        },
        "MoveToGoal.Policy.ExtrinsicValueEstimate.sum": {
            "value": -308.95941162109375,
            "min": -308.95941162109375,
            "max": -308.95941162109375,
            "count": 1
        },
        "MoveToGoal.Environment.EpisodeLength.mean": {
            "value": 1416.2121212121212,
            "min": 1416.2121212121212,
            "max": 1416.2121212121212,
            "count": 1
        },
        "MoveToGoal.Environment.EpisodeLength.sum": {
            "value": 46735.0,
            "min": 46735.0,
            "max": 46735.0,
            "count": 1
        },
        "MoveToGoal.Environment.CumulativeReward.mean": {
            "value": -1.0,
            "min": -1.0,
            "max": -1.0,
            "count": 1
        },
        "MoveToGoal.Environment.CumulativeReward.sum": {
            "value": -33.0,
            "min": -33.0,
            "max": -33.0,
            "count": 1
        },
        "MoveToGoal.Policy.ExtrinsicReward.mean": {
            "value": -1.0,
            "min": -1.0,
            "max": -1.0,
            "count": 1
        },
        "MoveToGoal.Policy.ExtrinsicReward.sum": {
            "value": -33.0,
            "min": -33.0,
            "max": -33.0,
            "count": 1
        },
        "MoveToGoal.Losses.PolicyLoss.mean": {
            "value": 0.023420229565817862,
            "min": 0.023420229565817862,
            "max": 0.023420229565817862,
            "count": 1
        },
        "MoveToGoal.Losses.PolicyLoss.sum": {
            "value": 0.09368091826327145,
            "min": 0.09368091826327145,
            "max": 0.09368091826327145,
            "count": 1
        },
        "MoveToGoal.Losses.ValueLoss.mean": {
            "value": 0.004849493713603199,
            "min": 0.004849493713603199,
            "max": 0.004849493713603199,
            "count": 1
        },
        "MoveToGoal.Losses.ValueLoss.sum": {
            "value": 0.019397974854412796,
            "min": 0.019397974854412796,
            "max": 0.019397974854412796,
            "count": 1
        },
        "MoveToGoal.Policy.LearningRate.mean": {
            "value": 0.00028460415513194997,
            "min": 0.00028460415513194997,
            "max": 0.00028460415513194997,
            "count": 1
        },
        "MoveToGoal.Policy.LearningRate.sum": {
            "value": 0.0011384166205277999,
            "min": 0.0011384166205277999,
            "max": 0.0011384166205277999,
            "count": 1
        },
        "MoveToGoal.Policy.Epsilon.mean": {
            "value": 0.19486805000000001,
            "min": 0.19486805000000001,
            "max": 0.19486805000000001,
            "count": 1
        },
        "MoveToGoal.Policy.Epsilon.sum": {
            "value": 0.7794722000000001,
            "min": 0.7794722000000001,
            "max": 0.7794722000000001,
            "count": 1
        },
        "MoveToGoal.Policy.Beta.mean": {
            "value": 0.004743915694999999,
            "min": 0.004743915694999999,
            "max": 0.004743915694999999,
            "count": 1
        },
        "MoveToGoal.Policy.Beta.sum": {
            "value": 0.018975662779999996,
            "min": 0.018975662779999996,
            "max": 0.018975662779999996,
            "count": 1
        },
        "MoveToGoal.IsTraining.mean": {
            "value": 1.0,
            "min": 1.0,
            "max": 1.0,
            "count": 1
        },
        "MoveToGoal.IsTraining.sum": {
            "value": 1.0,
            "min": 1.0,
            "max": 1.0,
            "count": 1
        }
    },
    "metadata": {
        "timer_format_version": "0.1.0",
        "start_time_seconds": "1711895128",
        "python_version": "3.9.13 (tags/v3.9.13:6de2ca5, May 17 2022, 16:36:42) [MSC v.1929 64 bit (AMD64)]",
        "command_line_arguments": "C:\\Users\\dimba\\Desktop\\Unity Projects\\Self-driving project\\venv\\Scripts\\mlagents-learn --run-id=Test6",
        "mlagents_version": "0.30.0",
        "mlagents_envs_version": "0.30.0",
        "communication_protocol_version": "1.5.0",
        "pytorch_version": "1.7.1+cu110",
        "numpy_version": "1.21.2",
        "end_time_seconds": "1711895826"
    },
    "total": 698.1480295,
    "count": 1,
    "self": 0.004690200000027289,
    "children": {
        "run_training.setup": {
            "total": 0.01972740000000006,
            "count": 1,
            "self": 0.01972740000000006
        },
        "TrainerController.start_learning": {
            "total": 698.1236119,
            "count": 1,
            "self": 1.3849918000013304,
            "children": {
                "TrainerController._reset_env": {
                    "total": 40.677454,
                    "count": 1,
                    "self": 40.677454
                },
                "TrainerController.advance": {
                    "total": 655.9304991999986,
                    "count": 95934,
                    "self": 1.2803165999914654,
                    "children": {
                        "env_step": {
                            "total": 631.8980427000076,
                            "count": 95934,
                            "self": 324.6915124000222,
                            "children": {
                                "SubprocessEnvManager._take_step": {
                                    "total": 306.32968189999394,
                                    "count": 95934,
                                    "self": 3.844447399987189,
                                    "children": {
                                        "TorchPolicy.evaluate": {
                                            "total": 302.48523450000675,
                                            "count": 95934,
                                            "self": 302.48523450000675
                                        }
                                    }
                                },
                                "workers": {
                                    "total": 0.8768483999914807,
                                    "count": 95933,
                                    "self": 0.0,
                                    "children": {
                                        "worker_root": {
                                            "total": 595.7102847000006,
                                            "count": 95933,
                                            "is_parallel": true,
                                            "self": 391.1774071000004,
                                            "children": {
                                                "steps_from_proto": {
                                                    "total": 0.0003541000000026884,
                                                    "count": 1,
                                                    "is_parallel": true,
                                                    "self": 0.00018160000000477794,