{
    "name": "root",
    "gauges": {
        "MoveToGoal.Policy.Entropy.mean": {
            "value": 1.9851731061935425,
            "min": 1.9851731061935425,
            "max": 1.9851731061935425,
            "count": 1
        },
        "MoveToGoal.Policy.Entropy.sum": {
            "value": 99361.8828125,
            "min": 99361.8828125,
            "max": 99361.8828125,
            "count": 1
        },
        "MoveToGoal.Step.mean": {
            "value": 49991.0,
            "min": 49991.0,
            "max": 49991.0,
            "count": 1
        },
        "MoveToGoal.Step.sum": {
            "value": 49991.0,
            "min": 49991.0,
            "max": 49991.0,
            "count": 1
        },
        "MoveToGoal.Policy.ExtrinsicValueEstimate.mean": {
            "value": -32.681522369384766,
            "min": -32.681522369384766,
            "max": -32.681522369384766,
            "count": 1
        },
        "MoveToGoal.Policy.ExtrinsicValueEstimate.sum": {
            "value": -26864.2109375,
            "min": -26864.2109375,
            "max": -26864.2109375,
            "count": 1
        },
        "MoveToGoal.Environment.EpisodeLength.mean": {
            "value": 602.0361445783133,
            "min": 602.0361445783133,
            "max": 602.0361445783133,
            "count": 1
        },
        "MoveToGoal.Environment.EpisodeLength.sum": {
            "value": 49969.0,
            "min": 49969.0,
            "max": 49969.0,
            "count": 1
        },
        "MoveToGoal.Environment.CumulativeReward.mean": {
            "value": -1265.450064398428,
            "min": -1265.450064398428,
            "max": -1265.450064398428,
            "count": 1
        },
        "MoveToGoal.Environment.CumulativeReward.sum": {
            "value": -103766.90528067108,
            "min": -103766.90528067108,
            "max": -103766.90528067108,
            "count": 1
        },
        "MoveToGoal.Policy.ExtrinsicReward.mean": {
            "value": -1265.450064398428,
            "min": -1265.450064398428,
            "max": -1265.450064398428,
            "count": 1
        },
        "MoveToGoal.Policy.ExtrinsicReward.sum": {
            "value": -103766.90528067108,
            "min": -103766.90528067108,
            "max": -103766.90528067108,
            "count": 1
        },
        "MoveToGoal.Losses.PolicyLoss.mean": {
            "value": 0.02351027006904284,
            "min": 0.02351027006904284,
            "max": 0.02351027006904284,
            "count": 1
        },
        "MoveToGoal.Losses.PolicyLoss.sum": {
            "value": 0.09404108027617136,
            "min": 0.09404108027617136,
            "max": 0.09404108027617136,
            "count": 1
        },
        "MoveToGoal.Losses.ValueLoss.mean": {
            "value": 9923.428188069662,
            "min": 9923.428188069662,
            "max": 9923.428188069662,
            "count": 1
        },
        "MoveToGoal.Losses.ValueLoss.sum": {
            "value": 39693.71275227865,
            "min": 39693.71275227865,
            "max": 39693.71275227865,
            "count": 1
        },
        "MoveToGoal.Policy.LearningRate.mean": {
            "value": 0.00028462095512634994,
            "min": 0.00028462095512634994,
            "max": 0.00028462095512634994,
            "count": 1
        },
        "MoveToGoal.Policy.LearningRate.sum": {
            "value": 0.0011384838205053998,
            "min": 0.0011384838205053998,
            "max": 0.0011384838205053998,
            "count": 1
        },
        "MoveToGoal.Policy.Epsilon.mean": {
            "value": 0.19487365000000004,
            "min": 0.19487365000000004,
            "max": 0.19487365000000004,
            "count": 1
        },
        "MoveToGoal.Policy.Epsilon.sum": {
            "value": 0.7794946000000001,
            "min": 0.7794946000000001,
            "max": 0.7794946000000001,
            "count": 1
        },
        "MoveToGoal.Policy.Beta.mean": {
            "value": 0.0047441951349999996,
            "min": 0.0047441951349999996,
            "max": 0.0047441951349999996,
            "count": 1
        },
        "MoveToGoal.Policy.Beta.sum": {
            "value": 0.018976780539999998,
            "min": 0.018976780539999998,
            "max": 0.018976780539999998,
            "count": 1
        },
        "MoveToGoal.IsTraining.mean": {
            "value": 1.0,
            "min": 1.0,
            "max": 1.0,
            "count": 1
        },
        "MoveToGoal.IsTraining.sum": {
            "value": 1.0,
            "min": 1.0,
            "max": 1.0,
            "count": 1
        }
    },
    "metadata": {
        "timer_format_version": "0.1.0",
        "start_time_seconds": "1711961287",
        "python_version": "3.9.13 (tags/v3.9.13:6de2ca5, May 17 2022, 16:36:42) [MSC v.1929 64 bit (AMD64)]",
        "command_line_arguments": "C:\\Users\\dimba\\Desktop\\Unity Projects\\Self-driving project\\venv\\Scripts\\mlagents-learn --run-id=Test21",
        "mlagents_version": "0.30.0",
        "mlagents_envs_version": "0.30.0",
        "communication_protocol_version": "1.5.0",
        "pytorch_version": "1.7.1+cu110",
        "numpy_version": "1.21.2",
        "end_time_seconds": "1711961748"
    },
    "total": 461.7225719,
    "count": 1,
    "self": 0.0049264999999536485,
    "children": {
        "run_training.setup": {
            "total": 0.018946099999999966,
            "count": 1,
            "self": 0.018946099999999966
        },
        "TrainerController.start_learning": {
            "total": 461.69869930000004,
            "count": 1,
            "self": 0.784670599998492,
            "children": {
                "TrainerController._reset_env": {
                    "total": 5.6021244,
                    "count": 1,
                    "self": 5.6021244
                },
                "TrainerController.advance": {
                    "total": 454.9524966000016,
                    "count": 54684,
                    "self": 0.7417153000072858,
                    "children": {
                        "env_step": {
                            "total": 440.20651109999636,
                            "count": 54684,
                            "self": 237.15004009999595,
                            "children": {
                                "SubprocessEnvManager._take_step": {
                                    "total": 202.56909949999763,
                                    "count": 54684,
                                    "self": 2.1859578000000113,
                                    "children": {
                                        "TorchPolicy.evaluate": {
                                            "total": 200.38314169999762,
                                            "count": 54684,
                                            "self": 200.38314169999762
                                        }
                                    }
                                },
                                "workers": {
                                    "total": 0.48737150000278984,
                                    "count": 54683,
                                    "self": 0.0,
                                    "children": {
                                        "worker_root": {
                                            "total": 394.8370020000028,
                                            "count": 54683,
                                            "is_parallel": true,
                                            "self": 252.6658135000036,
                                            "children": {
                                                "steps_from_proto": {
                                                    "total": 0.0003581999999999752,
                                                    "count": 1,
                                                    "is_parallel": true,