{
    "name": "root",
    "gauges": {
        "MoveToGoal.Policy.Entropy.mean": {
            "value": 1.9846135377883911,
            "min": 1.9846135377883911,
            "max": 1.9846135377883911,
            "count": 1
        },
        "MoveToGoal.Policy.Entropy.sum": {
            "value": 99254.4921875,
            "min": 99254.4921875,
            "max": 99254.4921875,
            "count": 1
        },
        "MoveToGoal.Step.mean": {
            "value": 49948.0,
            "min": 49948.0,
            "max": 49948.0,
            "count": 1
        },
        "MoveToGoal.Step.sum": {
            "value": 49948.0,
            "min": 49948.0,
            "max": 49948.0,
            "count": 1
        },
        "MoveToGoal.Policy.ExtrinsicValueEstimate.mean": {
            "value": -24.42916488647461,
            "min": -24.42916488647461,
            "max": -24.42916488647461,
            "count": 1
        },
        "MoveToGoal.Policy.ExtrinsicValueEstimate.sum": {
            "value": -19543.33203125,
            "min": -19543.33203125,
            "max": -19543.33203125,
            "count": 1
        },
        "MoveToGoal.Environment.EpisodeLength.mean": {
            "value": 1246.8974358974358,
            "min": 1246.8974358974358,
            "max": 1246.8974358974358,
            "count": 1
        },
        "MoveToGoal.Environment.EpisodeLength.sum": {
            "value": 48629.0,
            "min": 48629.0,
            "max": 48629.0,
            "count": 1
        },
        "MoveToGoal.Environment.CumulativeReward.mean": {
            "value": -1098.0987085455504,
            "min": -1098.0987085455504,
            "max": -1098.0987085455504,
            "count": 1
        },
        "MoveToGoal.Environment.CumulativeReward.sum": {
            "value": -42825.84963327646,
            "min": -42825.84963327646,
            "max": -42825.84963327646,
            "count": 1
        },
        "MoveToGoal.Policy.ExtrinsicReward.mean": {
            "value": -1098.0987085455504,
            "min": -1098.0987085455504,
            "max": -1098.0987085455504,
            "count": 1
        },
        "MoveToGoal.Policy.ExtrinsicReward.sum": {
            "value": -42825.84963327646,
            "min": -42825.84963327646,
            "max": -42825.84963327646,
            "count": 1
        },
        "MoveToGoal.Losses.PolicyLoss.mean": {
            "value": 0.024445791115673878,
            "min": 0.024445791115673878,
            "max": 0.024445791115673878,
            "count": 1
        },
        "MoveToGoal.Losses.PolicyLoss.sum": {
            "value": 0.09778316446269551,
            "min": 0.09778316446269551,
            "max": 0.09778316446269551,
            "count": 1
        },
        "MoveToGoal.Losses.ValueLoss.mean": {
            "value": 786.2437418619792,
            "min": 786.2437418619792,
            "max": 786.2437418619792,
            "count": 1
        },
        "MoveToGoal.Losses.ValueLoss.sum": {
            "value": 3144.9749674479167,
            "min": 3144.9749674479167,
            "max": 3144.9749674479167,
            "count": 1
        },
        "MoveToGoal.Policy.LearningRate.mean": {
            "value": 0.00028459140513620003,
            "min": 0.00028459140513620003,
            "max": 0.00028459140513620003,
            "count": 1
        },
        "MoveToGoal.Policy.LearningRate.sum": {
            "value": 0.0011383656205448001,
            "min": 0.0011383656205448001,
            "max": 0.0011383656205448001,
            "count": 1
        },
        "MoveToGoal.Policy.Epsilon.mean": {
            "value": 0.19486379999999998,
            "min": 0.19486379999999998,
            "max": 0.19486379999999998,
            "count": 1
        },
        "MoveToGoal.Policy.Epsilon.sum": {
            "value": 0.7794551999999999,
            "min": 0.7794551999999999,
            "max": 0.7794551999999999,
            "count": 1
        },
        "MoveToGoal.Policy.Beta.mean": {
            "value": 0.004743703619999999,
            "min": 0.004743703619999999,
            "max": 0.004743703619999999,
            "count": 1
        },
        "MoveToGoal.Policy.Beta.sum": {
            "value": 0.018974814479999998,
            "min": 0.018974814479999998,
            "max": 0.018974814479999998,
            "count": 1
        },
        "MoveToGoal.IsTraining.mean": {
            "value": 1.0,
            "min": 1.0,
            "max": 1.0,
            "count": 1
        },
        "MoveToGoal.IsTraining.sum": {
            "value": 1.0,
            "min": 1.0,
            "max": 1.0,
            "count": 1
        }
    },
    "metadata": {
        "timer_format_version": "0.1.0",
        "start_time_seconds": "1711968376",
        "python_version": "3.9.13 (tags/v3.9.13:6de2ca5, May 17 2022, 16:36:42) [MSC v.1929 64 bit (AMD64)]",
        "command_line_arguments": "C:\\Users\\dimba\\Desktop\\Unity Projects\\Self-driving project\\venv\\Scripts\\mlagents-learn --run-id=Test25",
        "mlagents_version": "0.30.0",
        "mlagents_envs_version": "0.30.0",
        "communication_protocol_version": "1.5.0",
        "pytorch_version": "1.7.1+cu110",
        "numpy_version": "1.21.2",
        "end_time_seconds": "1711968780"
    },
    "total": 403.8554129,
    "count": 1,
    "self": 0.00518809999999803,
    "children": {
        "run_training.setup": {
            "total": 0.019265700000000052,
            "count": 1,
            "self": 0.019265700000000052
        },
        "TrainerController.start_learning": {
            "total": 403.8309591,
            "count": 1,
            "self": 0.8157599999969989,
            "children": {
                "TrainerController._reset_env": {
                    "total": 7.5095266,
                    "count": 1,
                    "self": 7.5095266
                },
                "TrainerController.advance": {
                    "total": 395.403859600003,
                    "count": 56234,
                    "self": 0.8347994000031917,
                    "children": {
                        "env_step": {
                            "total": 380.551043399999,
                            "count": 56234,
                            "self": 180.3642384999993,
                            "children": {
                                "SubprocessEnvManager._take_step": {
                                    "total": 199.6846909000047,
                                    "count": 56234,
                                    "self": 2.272994300006559,
                                    "children": {
                                        "TorchPolicy.evaluate": {
                                            "total": 197.41169659999815,
                                            "count": 56234,
                                            "self": 197.41169659999815
                                        }
                                    }
                                },
                                "workers": {
                                    "total": 0.5021139999949984,
                                    "count": 56233,
                                    "self": 0.0,
                                    "children": {
                                        "worker_root": {
                                            "total": 335.18923059999514,
                                            "count": 56233,
                                            "is_parallel": true,
                                            "self": 250.85298769999667,
                                            "children": {
                                                "steps_from_proto": {
                                                    "total": 0.000359200000000115,
                                                    "count": 1,
                                                    "is_parallel": true,